Data_Status,State,MSN,2010,2011,2012,2013,2014,2015,2016,2017,2018,2019
2020P,NJ,ARICD,13.09,15.74,16.41,15.15,15.62,13.28,8.63,9.98,13.34,13.05
2020P,NJ,ARTCD,13.09,15.74,16.41,15.15,15.62,13.28,8.63,9.98,13.34,13.05
2020P,NJ,ARTXD,13.09,15.74,16.41,15.15,15.62,13.28,8.63,9.98,13.34,13.05
2020P,NJ,AVACD,25.19,31.64,33.04,32.71,33.16,24.86,21.62,24.13,27.04,25.57
2020P,NJ,AVTCD,25.19,31.64,33.04,32.71,33.16,24.86,21.62,24.13,27.04,25.57
2020P,NJ,AVTXD,25.19,31.64,33.04,32.71,33.16,24.86,21.62,24.13,27.04,25.57
2020P,NJ,CLACD,0,0,0,0,0,0,0,0,0,0
2020P,NJ,CLCCD,0,0,0,0,0,0,0,0,0,0
2020P,NJ,CLEID,4.16,4.18,4.05,3.87,3.95,3.82,3.21,3.17,3.51,3.07
2020P,NJ,CLICD,0,0,0,0,0,0,0,0,0,0
2020P,NJ,CLKCD,0,0,0,0,0,0,0,0,0,0
2020P,NJ,CLOCD,0,0,0,0,0,0,0,0,0,0
2020P,NJ,CLRCD,0,0,0,0,0,0,0,0,0,0
2020P,NJ,CLTCD,4.16,4.18,4.05,3.87,3.95,3.82,3.21,3.17,3.51,3.07
2020P,NJ,CLTXD,0,0,0,0,0,0,0,0,0,0
2020P,NJ,DFACD,20.76,26.53,27.39,26.81,26.66,19.57,16.31,18.89,22.49,21.86
2020P,NJ,DFCCD,18.38,24.68,25.95,24.87,23.89,14.74,12.32,14.71,18.12,16.14
2020P,NJ,DFEID,17.02,22.44,23.56,24.43,23.67,14.7,10.23,13.96,15.58,14.06
2020P,NJ,DFICD,18.01,24.41,25.44,24.64,23.27,14.68,11.49,15.12,16.25,15.04
2020P,NJ,DFRCD,23.14,26.42,30.04,29.09,28.39,19.83,17.05,18.94,20.81,20.41
2020P,NJ,DFTCD,20.86,26.23,27.55,26.9,26.49,18.94,15.82,18.42,21.64,20.9
2020P,NJ,DFTXD,20.89,26.24,27.56,26.9,26.51,18.96,15.83,18.43,21.69,20.92
2020P,NJ,DKEID,17.02,22.44,23.56,24.43,23.67,14.7,10.23,13.96,15.58,14.06
2020P,NJ,ELEXD,0,0,0,9.78,12.91,8.11,5.88,5.45,8.73,0
2020P,NJ,ELIMD,13.31,11.53,0,11.49,13.31,10.54,8.74,9.18,10.74,0
2020P,NJ,ESACD,34.38,31.35,28.65,31.07,30.56,30.05,25.45,25.83,26.57,25.78
2020P,NJ,ESCCD,40.7,39.47,37.45,37.44,38.53,37.48,35.93,35.99,35.78,35.86
2020P,NJ,ESICD,34.61,33.49,30.82,31.65,33.37,31.19,29.78,29.65,29.51,29.77
2020P,NJ,ESRCD,48.56,47.58,46.26,46.1,46.24,46.34,46.08,45.86,45.16,46.45
2020P,NJ,ESTCD,43.07,41.95,40.12,40.21,40.98,40.35,39.3,39.14,38.86,39.43
2020P,NJ,ESTXD,43.07,41.95,40.12,40.21,40.98,40.35,39.3,39.14,38.86,39.43
2020P,NJ,FNICD,0,0,0,0,0,0,0,0,0,0
2020P,NJ,FOICD,0,0,0,0,0,0,0,0,0,0
2020P,NJ,FSICD,0,0,0,0,0,0,0,0,0,0
2020P,NJ,HLACD,24.01,27.27,21.68,21.35,22.57,13.7,13.28,19.29,20.76,17.41
2020P,NJ,HLCCD,24.27,27.67,21.95,21.62,22.86,13.78,12.96,17.1,18.44,14.66
2020P,NJ,HLICD,30.09,38.17,30.26,33.35,34.69,18.99,17.08,22.65,26.83,18.41
2020P,NJ,HLRCD,34.25,39.17,37.13,36.08,39.49,34.18,33.94,37.04,38.88,34.2
2020P,NJ,HLTCD,30.55,37.7,30.92,33.02,34.95,21.49,19.7,25.06,28.84,21.44
2020P,NJ,HLTXD,30.55,37.7,30.92,33.02,34.95,21.49,19.7,25.06,28.84,21.44
2020P,NJ,JFACD,16.16,22.59,23,22.01,20.37,11.95,9.32,11.9,15.76,14.55
2020P,NJ,JFTCD,16.16,22.59,23,22.01,20.37,11.95,9.32,11.9,15.76,14.55
2020P,NJ,JFTXD,16.16,22.59,23,22.01,20.37,11.95,9.32,11.9,15.76,14.55
2020P,NJ,KSCCD,24.1,28.26,30.36,30.54,30.71,17.13,13.66,17.06,24.61,22.96
2020P,NJ,KSICD,18.12,24.8,25.96,25,23.36,14.34,11.28,14.26,17.48,16.26
2020P,NJ,KSRCD,24.1,28.26,30.36,30.54,30.71,17.13,13.66,17.06,24.61,22.96
2020P,NJ,KSTCD,20.11,26.4,28.05,29.74,29.79,16.56,13.27,16.66,20.7,21.05
2020P,NJ,KSTXD,20.11,26.4,28.05,29.74,29.79,16.56,13.27,16.66,20.7,21.05
2020P,NJ,LUACD,58.8,69.54,72.11,69.42,69.44,67.28,65.78,67.25,72.37,74.92
2020P,NJ,LUICD,58.8,69.54,72.11,69.42,69.44,67.28,65.78,67.25,72.37,74.92
2020P,NJ,LUTCD,58.8,69.54,72.11,69.42,69.44,67.28,65.78,67.25,72.37,74.92
2020P,NJ,LUTXD,58.8,69.54,72.11,69.42,69.44,67.28,65.78,67.25,72.37,74.92
2020P,NJ,MGACD,21.89,27.81,28.84,28.02,27.09,19.63,17.74,20.26,22.19,20.93
2020P,NJ,MGCCD,21.89,27.81,28.84,28.02,27.09,19.63,17.74,20.26,22.19,20.93
2020P,NJ,MGICD,21.89,27.81,28.84,28.02,27.09,19.63,17.74,20.26,22.19,20.93
2020P,NJ,MGTCD,21.89,27.81,28.84,28.02,27.09,19.63,17.74,20.26,22.19,20.93
2020P,NJ,MGTXD,21.89,27.81,28.84,28.02,27.09,19.63,17.74,20.26,22.19,20.93
2020P,NJ,MSICD,24.61,32.69,32.39,32.25,29.53,15.53,13.05,16.26,20.66,19.05
2020P,NJ,NGACD,5.89,6.44,14.09,9.12,14.73,12.39,11.79,12.89,12.11,12.24
2020P,NJ,NGCCD,9.85,9.27,8.27,9.12,9.65,8.11,7.6,8.78,8.66,8.7
2020P,NJ,NGEID,5.52,5.11,3.52,4.19,4.69,2.86,2.12,2.73,3.07,2.81
2020P,NJ,NGICD,9.39,9,7.66,7.82,10,7.72,6.31,7.6,7.72,7.33
2020P,NJ,NGRCD,12.51,11.48,10.79,10.4,9.27,7.94,7.95,8.78,8.74,9.35
2020P,NJ,NGTCD,9.39,8.7,7.3,7.86,7.87,5.97,5.2,6.28,6.49,6.47
2020P,NJ,NGTXD,11.11,10.29,9.36,9.68,9.49,7.99,7.68,8.69,8.62,8.94
2020P,NJ,NUEGD,0.64,0.68,0.74,0.8,0.76,0.72,0.69,0.73,0.71,0.66
2020P,NJ,NUETD,0.64,0.68,0.74,0.8,0.76,0.72,0.69,0.73,0.71,0.66
2020P,NJ,OHICD,30.33,38.76,30.96,34.44,35.83,19.68,17.63,23.14,27.45,18.79
2020P,NJ,OPICD,25.14,32.59,32.44,31.78,29.66,17.92,15.52,17.7,21.68,20.14
2020P,NJ,OPTCD,25.14,32.59,32.44,31.78,29.66,17.92,15.52,17.7,21.68,20.14
2020P,NJ,OPTXD,25.14,32.59,32.44,31.78,29.66,17.92,15.52,17.7,21.68,20.14
2020P,NJ,P1ICD,19.52,23.39,23.75,23.24,26.04,18.26,17.54,15.31,18.95,18
2020P,NJ,P1TCD,24.13,29.09,29.47,28.49,32.38,23.89,25.23,20.27,24.29,22.82
2020P,NJ,P1TXD,24.13,29.09,29.47,28.49,32.38,23.89,25.23,20.27,24.29,22.82
2020P,NJ,PAACD,20.54,26.51,27.46,26.68,26.13,18.42,16.14,18.59,20.78,20.15
2020P,NJ,PACCD,18.85,24.74,25.45,24.49,23.93,16.97,15.07,17.76,20.3,18.52
2020P,NJ,PAEID,16.22,21.65,23.36,23.84,23.37,14.01,10.15,13.96,15.58,14.06
2020P,NJ,PAICD,22.56,28.04,26.15,26.63,28.26,17.94,16.1,17.69,21.02,17.96
2020P,NJ,PARCD,24.84,28.68,31.05,30.13,30.1,21.73,19.99,22.32,23.81,22.71
2020P,NJ,PATCD,20.84,26.67,27.45,26.76,26.39,18.47,16.21,18.6,20.88,20.01
2020P,NJ,PATXD,20.85,26.67,27.45,26.77,26.39,18.47,16.21,18.6,20.89,20.02
2020P,NJ,PCCCD,0,0,0,0,0,0,0,0,0,0
2020P,NJ,PCEID,0,0,0,0,0,0,0,0,0,0
2020P,NJ,PCICD,0,4.01,4.1,1.48,1.22,1.29,1.23,1.48,1.51,1.58
2020P,NJ,PCTCD,0,4.01,4.1,1.48,1.22,1.29,1.23,1.48,1.51,1.58
2020P,NJ,PCTXD,0,4.01,4.1,1.48,1.22,1.29,1.23,1.48,1.51,1.58
2020P,NJ,PEACD,20.54,26.5,27.45,26.68,26.12,18.42,16.14,18.58,20.77,20.15
2020P,NJ,PECCD,10.37,10.37,9.31,10.09,10.47,9.05,8.37,9.68,9.77,9.74
2020P,NJ,PEEID,2.7,2.5,1.97,2.24,2.63,1.82,1.51,1.68,1.9,1.83
2020P,NJ,PEICD,17,20.33,17.82,19.54,20.63,14.63,12.25,14.31,15.75,14
2020P,NJ,PERCD,14.09,13.57,13.26,12.54,11.63,9.53,9.04,9.99,10.28,10.72
2020P,NJ,PETCD,12.8,15.25,15.02,14.86,14.38,10.38,9.28,10.55,11.71,11.48
2020P,NJ,PETXD,17.45,20.99,21.29,20.72,19.87,14.81,13.38,15.25,16.51,16.06
2020P,NJ,PQACD,24.01,27.27,21.68,21.35,22.57,13.7,13.28,19.29,20.76,17.41
2020P,NJ,PQCCD,24.27,27.67,21.95,21.62,22.86,13.78,12.96,17.1,18.44,14.66
2020P,NJ,PQICD,25.37,29.29,22.59,22.19,23.65,13.02,12.05,16.91,18.48,14.05
2020P,NJ,PQRCD,34.25,39.17,37.13,36.08,39.49,34.18,33.94,37.04,38.88,34.2
2020P,NJ,PQTCD,31.03,35.41,30.85,30.04,33.26,25.4,24.38,29.6,31.85,27.21
2020P,NJ,PQTXD,31.03,35.41,30.85,30.04,33.26,25.4,24.38,29.6,31.85,27.21
2020P,NJ,RFACD,12.23,16.71,18.59,17.85,17.25,9.28,6.74,9.53,11.92,11.22
2020P,NJ,RFCCD,12.32,17.81,18.38,18.95,15.52,7.35,6.46,0,10.52,0
2020P,NJ,RFEID,13.53,20.13,22.82,21.32,19.59,10.18,8.72,0,0,0
2020P,NJ,RFICD,12.32,17.81,18.38,18.95,15.52,0,0,0,0,0
2020P,NJ,RFTCD,12.24,16.8,18.59,17.89,17.26,9.28,6.74,9.53,11.92,11.22
2020P,NJ,RFTXD,12.23,16.78,18.58,17.88,17.24,9.28,6.74,9.53,11.92,11.22
2020P,NJ,SNICD,24.1,30.44,31.33,30.47,29.27,21.53,19.21,21.57,23.98,23.01
2020P,NJ,TEACD,20.56,26.51,27.46,26.69,26.13,18.44,16.15,18.59,20.78,20.15
2020P,NJ,TECCD,22.55,21.42,20.58,20.97,20.61,20.46,19.85,20.73,20.2,20.46
2020P,NJ,TEICD,20.38,22.74,20.18,21.8,23,17.64,15.56,17.14,18.17,16.65
2020P,NJ,TERCD,23.66,23.08,23.08,21.33,19.96,19.1,19.58,19.69,19.3,19.97
2020P,NJ,TETCD,21.66,24.33,24.4,23.84,23.14,18.96,17.63,19.17,20.09,19.88
2020P,NJ,TETXD,21.66,24.33,24.4,23.84,23.14,18.96,17.63,19.17,20.09,19.88
2020P,NJ,WDRCD,7.61,9.15,10.19,9.98,9.73,6.71,5.73,6.41,7.09,6.82
2020P,NJ,WWCCD,3.17,3.26,3.44,3.48,3.61,1.91,1.23,1.06,1.25,1.61
2020P,NJ,WWEID,2.4,2.44,2.21,2.26,2.73,2.62,2.54,2.4,2.22,2.33
2020P,NJ,WWICD,1.69,2.48,2.46,2.42,2.94,2.92,2.8,2.04,1.8,2.73
2020P,NJ,WWTCD,4.23,4.68,4.49,4.86,4.97,2.94,2.61,2.48,2.54,2.68
2020P,NJ,WWTXD,5.8,6.67,7.31,7.55,7.46,3.66,2.77,2.71,3.34,3.51
2020P,NJ,WXICD,33.44,35.56,34.62,33.37,33.91,32.88,32.66,32.69,32.94,29.79
2020P,OH,ARICD,12.95,13.64,15.37,14.65,15.08,12.37,8.71,8.82,11.87,13.06
2020P,OH,ARTCD,12.95,13.64,15.37,14.65,15.08,12.37,8.71,8.82,11.87,13.06
2020P,OH,ARTXD,12.95,13.64,15.37,14.65,15.08,12.37,8.71,8.82,11.87,13.06
2020P,OH,AVACD,25.19,31.64,33.04,32.71,33.16,24.86,21.62,24.13,27.04,25.57
2020P,OH,AVTCD,25.19,31.64,33.04,32.71,33.16,24.86,21.62,24.13,27.04,25.57
2020P,OH,AVTXD,25.19,31.64,33.04,32.71,33.16,24.86,21.62,24.13,27.04,25.57
2020P,OH,CLACD,0,0,0,0,0,0,0,0,0,0
2020P,OH,CLCCD,4.35,4.61,4.97,4.7,4.34,4.29,4.2,5.83,0,0
2020P,OH,CLEID,2.24,2.47,2.41,2.25,2.16,2.12,2.06,1.92,1.77,1.79
2020P,OH,CLICD,5.19,5.54,5.93,4.87,4.17,3.98,3.57,3.91,4.22,4.91
2020P,OH,CLKCD,6.22,6.56,6.66,5.28,4.39,4.1,3.59,3.88,4.25,5.01
2020P,OH,CLOCD,3.23,3.5,3.7,3.51,3.47,3.54,3.45,4.12,4.01,3.95
2020P,OH,CLRCD,0,0,0,0,0,0,0,0,0,0
2020P,OH,CLTCD,2.5,2.77,2.89,2.58,2.43,2.4,2.27,2.19,2.16,2.39
2020P,OH,CLTXD,5.15,5.5,5.91,4.86,4.17,3.99,3.57,3.91,4.22,4.91
2020P,OH,DFACD,21.72,27.88,28.61,28.66,27.94,19.39,16.6,19.08,22.85,21.71
2020P,OH,DFCCD,17.93,24.22,24.74,24.5,22.64,13.35,11.28,13.62,17.02,15.66
2020P,OH,DFEID,16.75,22.32,23.03,22.88,23.55,13.54,11.42,14.15,16.36,15.44
2020P,OH,DFICD,18.82,25.38,25.58,24.98,23.37,15,12.07,14.59,17.71,16.69
2020P,OH,DFRCD,20.36,27.23,27.14,28.15,27.28,17.86,15.46,17.6,19.2,18.42
2020P,OH,DFTCD,21.11,27.38,27.95,27.98,27.12,18.55,15.78,18.22,21.83,20.81
2020P,OH,DFTXD,21.15,27.44,28,28.02,27.16,18.59,15.82,18.25,21.87,20.84
2020P,OH,DKEID,16.75,22.32,23.03,22.88,23.55,13.54,11.42,14.15,16.36,15.44
2020P,OH,ELEXD,0,0,0,0,0,0,0,5.45,8.73,0
2020P,OH,ELIMD,0,0,0,0,0,0,8.74,9.18,10.74,0
2020P,OH,ESACD,25.27,19.47,20.45,19.41,25.73,22.52,23.25,21.97,21.48,20.01
2020P,OH,ESCCD,28.52,28.21,27.76,27.4,28.8,29.5,29.23,29.46,29.62,28.47
2020P,OH,ESICD,18.75,17.93,18.27,18.23,19.84,20.57,20.45,20.27,20.55,19.2
2020P,OH,ESRCD,33.15,33.48,34.46,35.2,36.62,37.51,36.56,37,36.81,36.28
2020P,OH,ESTCD,26.89,26.56,26.84,27.08,28.62,29.34,28.95,28.96,29.24,28.19
2020P,OH,ESTXD,26.89,26.56,26.84,27.08,28.62,29.34,28.95,28.96,29.24,28.19
2020P,OH,FNICD,0,0,0,0,0,0,0,0,0,0
2020P,OH,FOICD,0,0,0,0,0,0,0,0,0,0
2020P,OH,FSICD,0,0,0,0,0,0,0,0,0,0
2020P,OH,HLACD,27.14,30.37,23.2,24.51,27.13,16.6,15.66,19.91,20.53,18.05
2020P,OH,HLCCD,19.51,22.83,16.8,17.9,20.15,11.28,10.49,14.07,14.59,11.62
2020P,OH,HLICD,25.59,30.9,24.24,26.2,27.91,15.61,13.91,18.71,21.76,15.24
2020P,OH,HLRCD,25.03,29.35,26.73,26.68,30.87,23.6,23.6,28.71,29.23,24.86
2020P,OH,HLTCD,24.65,29.24,24.76,25.55,28.61,19.3,18.44,23.28,24.88,20.12
2020P,OH,HLTXD,24.65,29.24,24.76,25.55,28.61,19.3,18.44,23.28,24.88,20.12
2020P,OH,JFACD,16.3,22.59,22.95,22,20.9,11.85,9.75,12.15,15.82,14.64
2020P,OH,JFTCD,16.3,22.59,22.95,22,20.9,11.85,9.75,12.15,15.82,14.64
2020P,OH,JFTXD,16.3,22.59,22.95,22,20.9,11.85,9.75,12.15,15.82,14.64
2020P,OH,KSCCD,25.05,28.35,29.74,30.4,32.79,16.93,13.5,16.88,26.01,22.77
2020P,OH,KSICD,20.38,25.86,26.46,26.68,27.03,17.11,13.7,17.05,20.39,19.76
2020P,OH,KSRCD,25.05,28.35,29.74,30.4,32.79,16.93,13.5,16.88,26.01,22.77
2020P,OH,KSTCD,23.73,28.18,29.56,30.15,32.24,16.94,13.51,16.9,24.93,22.28
2020P,OH,KSTXD,23.73,28.18,29.56,30.15,32.24,16.94,13.51,16.9,24.93,22.28
2020P,OH,LUACD,58.8,69.54,72.11,69.42,69.44,67.28,65.78,67.25,72.37,74.92
2020P,OH,LUICD,58.8,69.54,72.11,69.42,69.44,67.28,65.78,67.25,72.37,74.92
2020P,OH,LUTCD,58.8,69.54,72.11,69.42,69.44,67.28,65.78,67.25,72.37,74.92
2020P,OH,LUTXD,58.8,69.54,72.11,69.42,69.44,67.28,65.78,67.25,72.37,74.92
2020P,OH,MGACD,22.67,28.76,29.64,28.79,27.75,19.78,17.96,19.6,21.5,20.92
2020P,OH,MGCCD,22.67,28.76,29.64,28.79,27.75,19.78,17.96,19.6,21.5,20.92
2020P,OH,MGICD,22.67,28.76,29.64,28.79,27.75,19.78,17.96,19.6,21.5,20.92
2020P,OH,MGTCD,22.67,28.76,29.64,28.79,27.75,19.78,17.96,19.6,21.5,20.92
2020P,OH,MGTXD,22.67,28.76,29.64,28.79,27.75,19.78,17.96,19.6,21.5,20.92
2020P,OH,MSICD,24.61,32.69,32.39,32.25,29.53,15.53,13.05,16.26,20.66,19.05
2020P,OH,NGACD,4.33,8.07,9.79,16.24,14.13,12.73,11.82,12.76,12.29,12.64
2020P,OH,NGCCD,8.94,8.29,6.88,5.99,7.38,6.05,5.34,5.69,5.55,5.6
2020P,OH,NGEID,4.87,4.49,2.98,3.82,4.14,2.28,2.23,2.9,3.12,2.41
2020P,OH,NGICD,7.15,6.56,5.3,5.81,6.66,5,4.48,6.25,6.16,5.82
2020P,OH,NGRCD,10.76,10.45,9.59,9.12,9.58,8.89,8.4,9.06,8.53,8.98
2020P,OH,NGTCD,8.72,8.08,6.42,6.6,7.33,5.8,5.24,6.2,5.83,5.5
2020P,OH,NGTXD,9.04,8.56,7.33,7.22,8.02,6.82,6.19,7.2,6.95,7
2020P,OH,NUEGD,0.65,0.69,0.75,0.8,0.77,0.72,0.68,0.74,0.72,0.67
2020P,OH,NUETD,0.65,0.69,0.75,0.8,0.77,0.72,0.68,0.74,0.72,0.67
2020P,OH,OHICD,29.9,38.22,30.52,33.95,35.42,19.45,17.42,22.9,27.22,18.64
2020P,OH,OPICD,25.57,32.07,32.37,30.96,29.55,20.83,18.55,20.59,23.48,22.28
2020P,OH,OPTCD,25.57,32.07,32.37,30.96,29.55,20.83,18.55,20.59,23.48,22.28
2020P,OH,OPTXD,25.57,32.07,32.37,30.96,29.55,20.83,18.55,20.59,23.48,22.28
2020P,OH,P1ICD,14.77,17.32,17.25,21.08,22.99,18.86,15.65,17.32,19.71,19.87
2020P,OH,P1TCD,16.23,19.2,18.57,20.73,23.06,19.44,16.76,18.38,19.36,21.04
2020P,OH,P1TXD,18.39,21.74,21.31,24.91,26.97,22.8,19.28,21.14,23.57,23.62
2020P,OH,PAACD,22.42,28.55,29.4,28.79,27.84,19.7,17.57,19.47,21.92,21.19
2020P,OH,PACCD,18.63,24.04,23.61,23.26,22.24,16.39,14.51,16.64,18.89,17.62
2020P,OH,PAEID,4.93,8.16,7.55,4.73,6.2,3.13,2.9,3.54,3.59,3.88
2020P,OH,PAICD,17.27,21.7,21.17,23.14,23.75,17.32,14.42,16.63,19.25,18.47
2020P,OH,PARCD,23.57,28.67,26.9,27.17,29.83,21.64,21.01,25.18,26.09,23.07
2020P,OH,PATCD,21.55,27.42,27.92,27.6,27.03,19.13,16.98,19,21.32,20.66
2020P,OH,PATXD,21.77,27.7,28.25,27.99,27.34,19.37,17.17,19.19,21.63,20.83
2020P,OH,PCCCD,0,0,0,0,0,0,0,0,0,0
2020P,OH,PCEID,1.54,4.01,4.1,1.48,1.22,1.29,1.23,1.48,1.51,1.58
2020P,OH,PCICD,3.01,4.63,3.92,2.18,1.22,1.29,1.23,1.48,1.51,1.58
2020P,OH,PCTCD,2.5,4.4,3.99,1.78,1.22,1.29,1.23,1.48,1.51,1.58
2020P,OH,PCTXD,3.01,4.63,3.92,2.18,1.22,1.29,1.23,1.48,1.51,1.58
2020P,OH,PEACD,22.42,28.55,29.4,28.78,27.83,19.7,17.56,19.47,21.91,21.19
2020P,OH,PECCD,9.8,9.67,8.6,7.5,8.43,7.52,6.78,7.42,7.49,7.39
2020P,OH,PEEID,2.19,2.47,2.32,2.3,2.31,1.95,1.89,1.94,2.03,1.85
2020P,OH,PEICD,8.99,9.67,9.03,9.35,9.47,7.49,6.59,8,8.47,8.22
2020P,OH,PERCD,11.92,12.08,11.02,10.5,11.09,9.83,9.4,10.35,9.91,10.2
2020P,OH,PETCD,9.85,11.91,12.04,11.63,11.64,9.09,8.27,9.23,9.89,9.84
2020P,OH,PETXD,15.73,18.74,18.71,18,17.55,13.31,12.06,13.54,14.44,14.14
2020P,OH,PQACD,27.14,30.37,23.2,24.51,27.13,16.6,15.66,19.91,20.53,18.05
2020P,OH,PQCCD,19.51,22.83,16.8,17.9,20.15,11.28,10.49,14.07,14.59,11.62
2020P,OH,PQICD,19.94,23.01,16.5,17.69,20.12,10.54,9.69,13.55,14.12,10.91
2020P,OH,PQRCD,25.03,29.35,26.73,26.68,30.87,23.6,23.6,28.71,29.23,24.86
2020P,OH,PQTCD,23.41,27.16,23.08,23.36,26.96,19.26,18.71,23.38,24.31,20.44
2020P,OH,PQTXD,23.41,27.16,23.08,23.36,26.96,19.26,18.71,23.38,24.31,20.44
2020P,OH,RFACD,0,0,0,0,11.38,6.13,4.45,0,7.86,7.41
2020P,OH,RFCCD,10.36,15.55,16.83,0,0,0,0,0,0,0
2020P,OH,RFEID,0,0,0,0,0,0,0,0,0,0
2020P,OH,RFICD,10.36,15.55,16.83,16.61,15.92,10.25,7.3,9.78,11.09,11.3
2020P,OH,RFTCD,10.36,15.55,16.83,16.61,15.91,10.19,7.3,9.78,11.03,10.99
2020P,OH,RFTXD,10.36,15.55,16.83,16.61,15.91,10.19,7.3,9.78,11.03,10.99
2020P,OH,SNICD,24.1,30.44,31.33,30.47,29.27,21.53,19.21,21.57,23.98,23.01
2020P,OH,TEACD,22.42,28.55,29.39,28.78,27.83,19.7,17.56,19.47,21.91,21.19
2020P,OH,TECCD,18.37,18.16,17.8,16.41,17.15,16.99,16.94,17.1,16.73,16.09
2020P,OH,TEICD,11.45,11.82,11.34,11.46,11.82,10.55,9.86,10.95,11.26,10.79
2020P,OH,TERCD,19.55,19.7,19.99,18.97,19.38,19.31,19.44,19.82,19.14,19.06
2020P,OH,TETCD,18.11,20.43,20.49,19.88,19.76,16.57,15.61,16.72,17.46,16.98
2020P,OH,TETXD,18.11,20.43,20.49,19.88,19.76,16.57,15.61,16.72,17.46,16.98
2020P,OH,WDRCD,9.6,11.54,12.85,12.58,12.27,8.45,7.22,8.08,8.94,8.6
2020P,OH,WWCCD,9.6,11.54,12.85,12.58,11.21,6.65,6.58,7.27,8.06,7.91
2020P,OH,WWEID,2.4,2.44,2.21,2.26,2.73,2.62,2.54,2.4,2.22,2.33
2020P,OH,WWICD,2.43,2.53,2.39,2.29,2.76,2.62,2.14,1.99,1.84,2.03
2020P,OH,WWTCD,4.42,4.9,4.71,4.91,5.2,4.03,3.34,3.39,3.73,3.75
2020P,OH,WWTXD,4.75,5.26,5.36,5.57,5.8,4.4,3.54,3.66,4.16,4.12
2020P,OH,WXICD,33.44,35.56,34.62,33.37,33.91,32.88,32.66,32.69,32.94,29.79
2020P,TX,ARICD,12.39,14.43,15.81,15.14,15.29,12.59,8.91,9.02,11.63,13.29
2020P,TX,ARTCD,12.39,14.43,15.81,15.14,15.29,12.59,8.91,9.02,11.63,13.29
2020P,TX,ARTXD,12.39,14.43,15.81,15.14,15.29,12.59,8.91,9.02,11.63,13.29
2020P,TX,AVACD,25.19,31.64,33.04,32.71,33.16,24.86,21.62,24.13,27.04,25.57
2020P,TX,AVTCD,25.19,31.64,33.04,32.71,33.16,24.86,21.62,24.13,27.04,25.57
2020P,TX,AVTXD,25.19,31.64,33.04,32.71,33.16,24.86,21.62,24.13,27.04,25.57
2020P,TX,CLACD,0,0,0,0,0,0,0,0,0,0
2020P,TX,CLCCD,3.69,3.76,3.99,4.11,3.85,4.21,0,0,0,0
2020P,TX,CLEID,1.84,1.87,1.88,1.97,1.99,1.97,1.8,1.74,1.76,1.99
2020P,TX,CLICD,5.05,3.82,3.95,3.87,3.81,3.99,3.99,3.69,4.3,4.32
2020P,TX,CLKCD,0,0,0,0,0,0,0,0,0,0
2020P,TX,CLOCD,5.05,3.82,3.95,3.87,3.81,3.99,3.99,3.69,4.3,4.32
2020P,TX,CLRCD,0,0,0,0,0,0,0,0,0,0
2020P,TX,CLTCD,1.87,1.9,1.91,2,2.03,2,1.83,1.76,1.78,2.01
2020P,TX,CLTXD,5.02,3.81,3.95,3.87,3.81,3.99,3.99,3.69,4.3,4.32
2020P,TX,DFACD,20.89,26.87,27.6,27.33,26.37,18.36,15.53,17.72,21.11,20.1
2020P,TX,DFCCD,17.81,24.16,24.87,24.15,21.99,13.15,11.21,13.52,16.89,15.74
2020P,TX,DFEID,16.9,22,23,22.44,19.31,13.12,10.66,12.39,15.89,14.41
2020P,TX,DFICD,18.11,24.24,24.98,24.46,23.12,13.93,12.28,14.94,18.37,16.94
2020P,TX,DFRCD,17.66,25.41,25.32,26.34,25.39,15.93,13.51,15.67,17.28,16.64
2020P,TX,DFTCD,20.39,26.28,26.97,26.7,25.62,17.58,14.9,17.19,20.59,19.54
2020P,TX,DFTXD,20.4,26.29,26.97,26.7,25.62,17.59,14.9,17.19,20.6,19.54
2020P,TX,DKEID,16.9,22,23,22.44,19.31,13.12,10.66,12.39,15.89,14.41
2020P,TX,ELEXD,9.98,7.64,6.12,9.78,12.91,8.11,5.88,5.45,8.73,9.78
2020P,TX,ELIMD,13.31,11.53,9.51,11.49,13.31,0,0,9.18,10.74,9.2
2020P,TX,ESACD,28.78,29.55,30.88,29.86,15.14,15.64,23.21,23.91,23.67,18.88
2020P,TX,ESCCD,26.94,25.87,23.91,23.5,23.92,23.9,24.2,24.2,23.92,23.61
2020P,TX,ESICD,18.86,18.27,16.33,17.02,18.06,16.39,15.61,15.69,15.8,15.96
2020P,TX,ESRCD,33.99,32.48,32.18,33.28,34.77,33.88,32.22,32.28,32.82,34.47
2020P,TX,ESTCD,27.69,26.64,25.33,25.67,26.49,25.82,25.01,24.88,25.16,25.51
2020P,TX,ESTXD,27.69,26.64,25.33,25.67,26.49,25.82,25.01,24.88,25.16,25.51
2020P,TX,FNICD,17.97,23.88,23.66,23.55,21.57,11.34,9.53,11.88,15.09,13.92
2020P,TX,FOICD,0,0,0,0,0,0,0,0,0,0
2020P,TX,FSICD,0,0,0,0,0,0,0,0,0,0
2020P,TX,HLACD,26.62,30.31,23.15,22.65,23.96,14.56,14.43,19.03,20.82,16.03
2020P,TX,HLCCD,21.53,25.08,19.02,18.59,19.71,11.75,11.63,15.53,17.05,12.99
2020P,TX,HLICD,16.77,20.71,15.21,14.24,14.23,8.25,7.94,10.19,11.67,8.43
2020P,TX,HLRCD,27.84,30.56,28,27.71,32.71,24.49,23.36,27.27,28.36,24.78
2020P,TX,HLTCD,16.95,20.85,15.35,14.39,14.46,8.43,8.12,10.36,11.82,8.6
2020P,TX,HLTXD,16.95,20.85,15.35,14.39,14.46,8.43,8.12,10.36,11.82,8.6
2020P,TX,JFACD,16.13,22.49,22.84,21.9,20.2,11.86,9.6,11.97,15.61,14.53
2020P,TX,JFTCD,16.13,22.49,22.84,21.9,20.2,11.86,9.6,11.97,15.61,14.53
2020P,TX,JFTXD,16.13,22.49,22.84,21.9,20.2,11.86,9.6,11.97,15.61,14.53
2020P,TX,KSCCD,21.02,25.97,27.18,26.69,25.87,17.01,13.56,16.96,24.5,22.88
2020P,TX,KSICD,17.1,24.26,25.06,23.42,21.33,12.51,10.21,14.21,16.28,15.38
2020P,TX,KSRCD,21.02,25.97,27.18,26.69,25.87,17.01,13.56,16.96,24.5,22.88
2020P,TX,KSTCD,18.74,24.68,25.61,24.06,22.96,13.38,10.97,14.74,17.78,17.55
2020P,TX,KSTXD,18.74,24.68,25.61,24.06,22.96,13.38,10.97,14.74,17.78,17.55
2020P,TX,LUACD,58.8,69.54,72.11,69.42,69.44,67.28,65.78,67.25,72.37,74.92
2020P,TX,LUICD,58.8,69.54,72.11,69.42,69.44,67.28,65.78,67.25,72.37,74.92
2020P,TX,LUTCD,58.8,69.54,72.11,69.42,69.44,67.28,65.78,67.25,72.37,74.92
2020P,TX,LUTXD,58.8,69.54,72.11,69.42,69.44,67.28,65.78,67.25,72.37,74.92
2020P,TX,MGACD,21.71,27.68,28.15,27.37,26.06,18.27,16.3,18.56,20.44,19.07
2020P,TX,MGCCD,21.71,27.68,28.15,27.37,26.06,18.27,16.3,18.56,20.44,19.07
2020P,TX,MGICD,21.71,27.68,28.15,27.37,26.06,18.27,16.3,18.56,20.44,19.07
2020P,TX,MGTCD,21.71,27.68,28.15,27.37,26.06,18.27,16.3,18.56,20.44,19.07
2020P,TX,MGTXD,21.71,27.68,28.15,27.37,26.06,18.27,16.3,18.56,20.44,19.07
2020P,TX,MSICD,24.61,32.69,32.39,32.25,29.53,15.53,13.05,16.26,20.66,19.05
2020P,TX,NGACD,5.21,6.84,9.86,16.1,13.65,11.13,9.93,13.31,12.75,12.83
2020P,TX,NGCCD,7.65,6.88,6.45,7.08,7.99,6.68,6.69,7.5,6.37,6.02
2020P,TX,NGEID,4.57,4.27,2.93,3.85,4.5,2.79,2.59,3.09,3.08,2.38
2020P,TX,NGICD,4.46,4.1,2.94,3.83,4.56,2.79,2.57,3.19,3.33,2.81
2020P,TX,NGRCD,10.47,9.93,10.26,10.25,10.79,10.28,11.39,13.23,11.11,10.34
2020P,TX,NGTCD,5.18,4.73,3.52,4.47,5.21,3.48,3.27,3.91,3.89,3.24
2020P,TX,NGTXD,5.68,5.14,4.07,5,5.78,4.12,3.89,4.57,4.55,4.04
2020P,TX,NUEGD,0.64,0.67,0.73,0.77,0.72,0.72,0.71,0.71,0.68,0.65
2020P,TX,NUETD,0.64,0.67,0.73,0.77,0.72,0.72,0.71,0.71,0.68,0.65
2020P,TX,OHICD,17.01,21.05,15.66,14.54,14.24,8.53,8.17,10.17,11.67,8.48
2020P,TX,OPICD,19.1,25.4,25.22,24.9,23.09,12.34,10.42,13.03,16.43,15.22
2020P,TX,OPTCD,19.1,25.4,25.22,24.9,23.09,12.34,10.42,13.03,16.43,15.22
2020P,TX,OPTXD,19.1,25.4,25.22,24.9,23.09,12.34,10.42,13.03,16.43,15.22
2020P,TX,P1ICD,20.18,26.48,25.6,25.47,24.59,15.54,13.28,15.29,18.74,17.89
2020P,TX,P1TCD,21.08,27.42,26.8,26.57,26.07,17.36,15.06,16.87,20.35,19.59
2020P,TX,P1TXD,21.25,27.69,26.83,26.63,26.07,17.36,15.06,16.87,20.35,19.59
2020P,TX,PAACD,20.24,26.12,26.96,26.36,25.24,17.46,15.02,17.23,19.87,18.65
2020P,TX,PACCD,19.39,24.43,23.76,22.85,21.56,15.51,13.8,16.54,18.88,16.95
2020P,TX,PAEID,5.11,6.72,15.65,10.84,19.31,13.12,10.66,12.39,15.89,14.41
2020P,TX,PAICD,17.72,22.46,18.59,17.76,17.46,10.21,9.4,11.63,13.46,10.73
2020P,TX,PARCD,27.83,30.55,27.99,27.71,32.71,24.48,23.35,27.27,28.35,24.78
2020P,TX,PATCD,19.08,24.4,22.91,22.1,21.65,14.1,12.45,14.65,16.75,14.78
2020P,TX,PATXD,19.1,24.43,22.92,22.1,21.65,14.1,12.45,14.65,16.75,14.78
2020P,TX,PCCCD,0,0,0,0,0,0,0,0,0,0
2020P,TX,PCEID,2.59,3.08,1.99,1.95,0,0,0,0,0,0
2020P,TX,PCICD,2.59,3.08,1.99,1.95,1.96,1.8,1.58,2.2,2.65,1.79
2020P,TX,PCTCD,2.59,3.08,1.99,1.95,1.96,1.8,1.58,2.2,2.65,1.79
2020P,TX,PCTXD,2.59,3.08,1.99,1.95,1.96,1.8,1.58,2.2,2.65,1.79
2020P,TX,PEACD,20.23,26.1,26.95,26.35,25.22,17.45,15.01,17.22,19.86,18.65
2020P,TX,PECCD,8.97,9.62,9.28,9.27,9.72,8.61,8.33,9.43,8.54,8.16
2020P,TX,PEEID,2.81,2.74,2.23,2.63,2.92,2.23,2.04,2.2,2.35,2.04
2020P,TX,PEICD,12.88,15.6,12.87,12.96,12.66,7.53,6.92,8.59,9.87,8.02
2020P,TX,PERCD,11.83,11.62,11.66,11.6,12.35,11.4,12.54,14.42,12.24,11.55
2020P,TX,PETCD,11.27,13.54,12.71,12.85,12.78,8.63,7.79,9.19,10.41,9.32
2020P,TX,PETXD,15.56,19.35,18.06,17.81,17.48,11.57,10.34,12.19,13.62,12.14
2020P,TX,PQACD,26.62,30.31,23.15,22.65,23.96,14.56,14.43,19.03,20.82,16.03
2020P,TX,PQCCD,21.53,25.08,19.02,18.59,19.71,11.75,11.63,15.53,17.05,12.99
2020P,TX,PQICD,15.41,19.03,13.52,13.13,14.14,6.89,6.79,10.34,11.72,8.03
2020P,TX,PQRCD,27.84,30.56,28,27.71,32.71,24.49,23.36,27.27,28.36,24.78
2020P,TX,PQTCD,16.65,19.99,14.23,13.87,15.53,8.02,7.87,11.39,12.74,9.67
2020P,TX,PQTXD,16.65,19.99,14.23,13.87,15.53,8.02,7.87,11.39,12.74,9.67
2020P,TX,RFACD,7.95,10.85,12.07,11.6,11.2,6.03,4.38,6.19,7.74,7.29
2020P,TX,RFCCD,11.59,16.23,18.05,17.5,17,0,8.83,0,0,0
2020P,TX,RFEID,0,13.07,14.83,0,0,0,0,0,0,0
2020P,TX,RFICD,11.59,16.23,18.05,17.5,17,10.84,8.83,10.95,11.62,11.75
2020P,TX,RFTCD,8.33,11.64,12.69,12.07,11.71,6.32,4.67,6.58,8.1,7.62
2020P,TX,RFTXD,8.33,11.64,12.69,12.07,11.71,6.32,4.67,6.58,8.1,7.62
2020P,TX,SNICD,24.1,30.44,31.33,30.47,29.27,21.53,19.21,21.57,23.98,23.01
2020P,TX,TEACD,20.23,26.1,26.95,26.35,25.22,17.45,15.01,17.22,19.87,18.65
2020P,TX,TECCD,20.68,20.33,19.44,19.1,19.42,18.77,19.15,19.53,18.49,18.31
2020P,TX,TEICD,13.34,15.81,13.11,13.25,13.08,8.2,7.59,9.15,10.3,8.64
2020P,TX,TERCD,26.08,25.9,26.18,26.13,26.77,26.58,26.56,27.39,26.26,27
2020P,TX,TETCD,17.39,20.49,19.16,18.99,18.84,13.68,12.53,14.07,15.29,14.08
2020P,TX,TETXD,17.39,20.49,19.16,18.99,18.84,13.68,12.53,14.07,15.29,14.08
2020P,TX,WDRCD,9.5,11.42,12.71,12.45,12.14,8.37,7.15,8,8.85,8.51
2020P,TX,WWCCD,6.21,7.68,7.77,7.22,7.25,3.01,2.22,2,2.87,5.12
2020P,TX,WWEID,2.4,2.44,2.21,2.26,2.73,2.62,2.54,2.4,2.22,2.33
2020P,TX,WWICD,2.64,2.61,2.43,2.39,2.88,2.72,2.47,2.42,2.15,2.35
2020P,TX,WWTCD,3.22,3.28,3.06,3.16,3.6,2.8,2.53,2.47,2.26,2.45
2020P,TX,WWTXD,3.29,3.36,3.17,3.27,3.74,2.83,2.53,2.48,2.26,2.47
2020P,TX,WXICD,33.44,35.56,34.62,33.37,33.91,32.88,32.66,32.69,32.94,29.79
2020P,VA,ARICD,13.05,15.71,16.6,15.69,16.03,13.4,9.26,10.27,13.41,13.25
2020P,VA,ARTCD,13.05,15.71,16.6,15.69,16.03,13.4,9.26,10.27,13.41,13.25
2020P,VA,ARTXD,13.05,15.71,16.6,15.69,16.03,13.4,9.26,10.27,13.41,13.25
2020P,VA,AVACD,25.19,31.64,33.04,32.71,33.16,24.86,21.62,24.13,27.04,25.57
2020P,VA,AVTCD,25.19,31.64,33.04,32.71,33.16,24.86,21.62,24.13,27.04,25.57
2020P,VA,AVTXD,25.19,31.64,33.04,32.71,33.16,24.86,21.62,24.13,27.04,25.57
2020P,VA,CLACD,0,0,0,0,0,0,0,0,0,0
2020P,VA,CLCCD,3.94,4.47,3.79,3.69,3.4,3.33,3.48,4.18,4.47,5.11
2020P,VA,CLEID,3.31,3.55,3.61,3.32,3.28,2.95,2.88,2.73,2.67,2.77
2020P,VA,CLICD,4.34,5,5.04,4.65,4.13,3.7,3.37,3.66,3.89,4.36
2020P,VA,CLKCD,5.29,6.24,6.11,5.35,4.37,3.84,3.42,3.76,4.05,4.58
2020P,VA,CLOCD,3.61,3.89,4.16,4.03,3.87,3.46,3.28,3.45,3.51,3.8
2020P,VA,CLRCD,0,0,0,0,0,0,0,0,0,0
2020P,VA,CLTCD,3.53,3.91,4.04,3.62,3.46,3.11,2.98,2.99,3.03,3.57
2020P,VA,CLTXD,4.33,4.98,5.02,4.63,4.11,3.69,3.37,3.67,3.9,4.37
2020P,VA,DFACD,21.12,27.17,28.07,27.75,26.97,19.1,16.08,18.48,21.93,21.1
2020P,VA,DFCCD,18.09,23.95,24.58,23.89,21.34,14.03,11.08,13.44,16.74,15.63
2020P,VA,DFEID,14.99,19.75,21.98,20.97,22.19,14.99,10.02,11.93,13.86,14.22
2020P,VA,DFICD,18.58,24.2,25.01,24.4,24.02,15.31,12.82,14.56,17.59,16.27
2020P,VA,DFRCD,20.01,27.1,27.01,28.02,27.16,17.78,15.39,17.53,19.12,18.78
2020P,VA,DFTCD,20.53,26.71,27.49,27.23,26.25,18.34,15.41,17.74,20.94,20.3
2020P,VA,DFTXD,20.68,26.81,27.55,27.3,26.44,18.45,15.51,17.85,21.18,20.35
2020P,VA,DKEID,14.99,19.75,21.98,20.97,22.19,14.99,10.02,11.93,13.86,14.22
2020P,VA,ELEXD,0,0,0,0,0,0,0,5.45,8.73,0
2020P,VA,ELIMD,0,0,0,0,0,0,0,9.18,10.74,0
2020P,VA,ESACD,22.57,24.16,24.94,23.94,24.14,23.77,22.74,23.77,24.25,24.23
2020P,VA,ESCCD,22.43,23.31,23.68,23.45,23.89,24.06,23.25,23.49,24.37,23.98
2020P,VA,ESICD,19.51,19.03,19.68,19.42,20.19,20.37,19.21,19.08,20.11,20.09
2020P,VA,ESRCD,30.63,31.19,32.47,31.78,32.53,33.32,33.28,33.84,34.37,35.37
2020P,VA,ESTCD,25.48,25.92,26.59,26.25,26.89,27.28,26.65,26.89,27.79,27.89
2020P,VA,ESTXD,25.48,25.92,26.59,26.25,26.89,27.28,26.65,26.89,27.79,27.89
2020P,VA,FNICD,0,0,0,0,0,0,0,0,0,0
2020P,VA,FOICD,0,0,0,0,0,0,0,0,0,0
2020P,VA,FSICD,0,0,0,0,0,0,0,0,0,0
2020P,VA,HLACD,25.16,29.53,23.2,22.91,24.46,15.11,14.19,18.39,19.88,15.92
2020P,VA,HLCCD,22.77,26.5,20.47,20.53,22.4,12.93,12.05,16.07,17.49,13.71
2020P,VA,HLICD,21.31,25.86,19.57,19.63,21.58,11.71,10.8,14.98,16.46,12.52
2020P,VA,HLRCD,30.3,33.29,32.65,31.88,34.46,29.43,29.13,31.71,33.05,29.88
2020P,VA,HLTCD,27.21,30.46,27.13,26.57,28.44,21.49,20.26,23.32,25.59,22.76
2020P,VA,HLTXD,27.21,30.46,27.13,26.57,28.44,21.49,20.26,23.32,25.59,22.76
2020P,VA,JFACD,16.18,22.34,23.04,22.07,20.9,12.24,9.93,11.96,15.53,14.23
2020P,VA,JFTCD,16.18,22.34,23.04,22.07,20.9,12.24,9.93,11.96,15.53,14.23
2020P,VA,JFTXD,16.18,22.34,23.04,22.07,20.9,12.24,9.93,11.96,15.53,14.23
2020P,VA,KSCCD,24.05,27.38,29.41,29.24,29.69,16.86,13.44,16.81,24.28,22.67
2020P,VA,KSICD,20.52,25.49,26.88,26.79,25.83,16.95,13.29,14.01,19.06,17.78
2020P,VA,KSRCD,24.05,27.38,29.41,29.24,29.69,16.86,13.44,16.81,24.28,22.67
2020P,VA,KSTCD,23.84,27.27,29.3,29.15,29.56,16.86,13.44,16.71,24.13,22.55
2020P,VA,KSTXD,23.84,27.27,29.3,29.15,29.56,16.86,13.44,16.71,24.13,22.55
2020P,VA,LUACD,58.8,69.54,72.11,69.42,69.44,67.28,65.78,67.25,72.37,74.92
2020P,VA,LUICD,58.8,69.54,72.11,69.42,69.44,67.28,65.78,67.25,72.37,74.92
2020P,VA,LUTCD,58.8,69.54,72.11,69.42,69.44,67.28,65.78,67.25,72.37,74.92
2020P,VA,LUTXD,58.8,69.54,72.11,69.42,69.44,67.28,65.78,67.25,72.37,74.92
2020P,VA,MGACD,21.99,27.91,28.58,27.91,26.88,19.13,17.45,19.42,21.13,19.69
2020P,VA,MGCCD,21.99,27.91,28.58,27.91,26.88,19.13,17.45,19.42,21.13,19.69
2020P,VA,MGICD,21.99,27.91,28.58,27.91,26.88,19.13,17.45,19.42,21.13,19.69
2020P,VA,MGTCD,21.99,27.91,28.58,27.91,26.88,19.13,17.45,19.42,21.13,19.69
2020P,VA,MGTXD,21.99,27.91,28.58,27.91,26.88,19.13,17.45,19.42,21.13,19.69
2020P,VA,MSICD,24.61,32.69,32.39,32.25,29.53,15.53,13.05,16.26,20.66,19.05
2020P,VA,NGACD,4.2,4.43,14.65,10.04,10.99,9.9,8.99,10.56,11.52,11.95
2020P,VA,NGCCD,9.31,9.44,8.47,8.52,8.74,7.76,6.88,7.57,7.64,8.07
2020P,VA,NGEID,5.54,4.89,3.27,4.15,5.88,3.36,3.07,3.33,4.15,3.18
2020P,VA,NGICD,6.51,6.28,5.11,5.81,6.13,4.79,4.21,4.78,4.8,4.41
2020P,VA,NGRCD,12.41,12.4,12,11.26,11.5,11.11,10.36,11.69,11.07,11.94
2020P,VA,NGTCD,8.11,7.67,5.98,6.73,7.74,5.6,4.82,5.28,5.69,4.99
2020P,VA,NGTXD,9.76,9.55,8.52,8.65,8.92,7.88,7.02,7.81,7.77,7.88
2020P,VA,NUEGD,0.54,0.32,0.54,0.71,0.61,0.63,0.65,0.66,0.63,0.59
2020P,VA,NUETD,0.54,0.32,0.54,0.71,0.61,0.63,0.65,0.66,0.63,0.59
2020P,VA,OHICD,0,0,0,0,0,0,0,0,0,0
2020P,VA,OPICD,25.35,32.18,32.36,31.26,29.6,19.76,17.41,19.53,22.72,21.53
2020P,VA,OPTCD,25.35,32.18,32.36,31.26,29.6,19.76,17.41,19.53,22.72,21.53
2020P,VA,OPTXD,25.35,32.18,32.36,31.26,29.6,19.76,17.41,19.53,22.72,21.53
2020P,VA,P1ICD,18.39,21.1,21.92,22.28,22.23,18.1,14.19,15.94,19.45,18.72
2020P,VA,P1TCD,23.37,26.26,27.53,28.44,28.63,23.89,20.11,21.25,25.27,24.63
2020P,VA,P1TXD,23.37,26.26,27.53,28.44,28.63,23.89,20.11,21.25,25.27,24.63
2020P,VA,PAACD,21.08,27,27.73,27.11,26.08,18.18,15.96,17.94,20.43,19.17
2020P,VA,PACCD,20.01,25.25,23.3,22.5,22.01,15.85,14,16.6,18.67,16.8
2020P,VA,PAEID,12.86,18.02,19.08,18.62,20.46,11.33,8.87,10.38,11.97,11.66
2020P,VA,PAICD,17.95,22.1,22.86,23.05,23.03,16.64,13.52,15.66,18.81,17.5
2020P,VA,PARCD,24.29,29.73,29.58,29.83,30.46,23.33,22.2,24.82,26.28,25.11
2020P,VA,PATCD,20.84,26.66,27.32,26.82,25.87,18.07,15.85,17.87,20.35,19.12
2020P,VA,PATXD,20.96,26.71,27.35,26.85,25.95,18.16,15.9,17.91,20.44,19.14
2020P,VA,PCCCD,0,0,0,0,0,0,0,0,0,0
2020P,VA,PCEID,0,0,0,0,0,0,0,0,0,0
2020P,VA,PCICD,0,0,0,0,0,0,0,0,0,0
2020P,VA,PCTCD,0,0,0,0,0,0,0,0,0,0
2020P,VA,PCTXD,0,0,0,0,0,0,0,0,0,0
2020P,VA,PEACD,21.07,26.99,27.73,27.11,26.08,18.18,15.96,17.93,20.42,19.16
2020P,VA,PECCD,10.57,11.44,10.79,10.41,10.61,9.49,8.42,9.58,10.2,10.14
2020P,VA,PEEID,2.84,2.6,2.17,2.46,3.02,2.35,2.17,2.2,2.71,2.2
2020P,VA,PEICD,8.1,9.3,8.93,8.71,8.72,6.88,5.93,6.58,7.08,6.86
2020P,VA,PERCD,15.32,16.73,15.98,15.31,15.36,13.58,12.53,13.95,13.91,14.4
2020P,VA,PETCD,11.79,14.5,14.43,13.83,13.75,9.9,8.64,9.76,10.96,10.37
2020P,VA,PETXD,17.1,21.13,21.51,20.82,20.21,14.68,13.03,14.61,16.3,15.56
2020P,VA,PQACD,25.16,29.53,23.2,22.91,24.46,15.11,14.19,18.39,19.88,15.92
2020P,VA,PQCCD,22.77,26.5,20.47,20.53,22.4,12.93,12.05,16.07,17.49,13.71
2020P,VA,PQICD,21.31,25.86,19.57,19.63,21.58,11.71,10.8,14.98,16.46,12.52
2020P,VA,PQRCD,30.3,33.29,32.65,31.88,34.46,29.43,29.13,31.71,33.05,29.88
2020P,VA,PQTCD,27.21,30.46,27.13,26.57,28.44,21.49,20.26,23.32,25.59,22.76
2020P,VA,PQTXD,27.21,30.46,27.13,26.57,28.44,21.49,20.26,23.32,25.59,22.76
2020P,VA,RFACD,10.29,13.34,12.46,12.1,14.46,6.92,5.62,5.2,6.15,6.16
2020P,VA,RFCCD,12.53,16.67,17.94,18.08,16.9,0,7.33,0,10.12,0
2020P,VA,RFEID,11.37,16.02,15.29,14.44,16.33,7.59,7.28,6.23,7.09,7.24
2020P,VA,RFICD,12.53,16.67,17.94,18.08,16.9,9.34,7.33,9.58,10.12,9.64
2020P,VA,RFTCD,11.62,15.12,14.95,14.8,15.72,7.86,6.66,5.82,6.92,7.87
2020P,VA,RFTXD,11.75,14.96,14.91,14.85,15.29,8.27,6.36,5.72,6.69,8.05
2020P,VA,SNICD,24.1,30.44,31.33,30.47,29.27,21.53,19.21,21.57,23.98,23.01
2020P,VA,TEACD,21.08,26.99,27.72,27.1,26.08,18.18,15.96,17.94,20.42,19.16
2020P,VA,TECCD,18.13,19.16,19.19,18.69,18.81,18.32,17.54,18.14,18.83,18.8
2020P,VA,TEICD,10.34,11.2,11.03,10.78,10.96,9.5,8.56,8.96,9.63,9.42
2020P,VA,TERCD,23.86,24.97,25.79,24.52,24.76,24.73,24.78,25.67,25.58,26.63
2020P,VA,TETCD,19.13,22.3,22.73,22.12,21.78,17.67,16.26,17.48,19.05,18.51
2020P,VA,TETXD,19.13,22.3,22.73,22.12,21.78,17.67,16.26,17.48,19.05,18.51
2020P,VA,WDRCD,9.5,11.42,12.71,12.45,12.14,8.37,7.15,8,8.85,8.51
2020P,VA,WWCCD,2.94,3.44,2.93,2.9,3.17,2.39,1.71,1.55,1.87,2.19
2020P,VA,WWEID,2.15,2.16,1.88,2.17,3.42,3.33,3.07,2.9,3.01,3.09
2020P,VA,WWICD,2.73,2.85,2.71,2.7,3.29,3.19,3.11,3.04,2.76,2.72
2020P,VA,WWTCD,3.27,3.54,3.29,3.42,3.99,3.48,3.22,3.13,3.14,3.13
2020P,VA,WWTXD,3.61,3.94,3.74,3.88,4.28,3.56,3.3,3.24,3.21,3.15
2020P,VA,WXICD,33.44,35.56,34.62,33.37,33.91,32.88,32.66,32.69,32.94,29.79
